INSERT INTO CLIENTES (ID_CLIENTE, NOMBRE_CLIENTE, SALDO_ACTUAL) VALUES (1, 'CLIENTE CON MEMBRESIA', 50000);
INSERT INTO CLIENTES (ID_CLIENTE, NOMBRE_CLIENTE, SALDO_ACTUAL) VALUES (2, 'CLIENTE SIN MEMBRESIA', 30000);
INSERT INTO CLIENTES (ID_CLIENTE, NOMBRE_CLIENTE, SALDO_ACTUAL) VALUES (3, 'CLIENTE SALDO INSUFICIENTE', 5000);
INSERT INTO CLIENTES (ID_CLIENTE, NOMBRE_CLIENTE, SALDO_ACTUAL) VALUES (4, 'CLIENTE TAG ROBADO', 100000);

INSERT INTO VEHICULOS_TAG (ID_TAG, ID_CLIENTE, PLACA_VEHICULO, ESTADO) VALUES ('TAG001', 1, 'AAA111', 'ACTIVO');
INSERT INTO VEHICULOS_TAG (ID_TAG, ID_CLIENTE, PLACA_VEHICULO, ESTADO) VALUES ('TAG002', 2, 'BBB222', 'ACTIVO');
INSERT INTO VEHICULOS_TAG (ID_TAG, ID_CLIENTE, PLACA_VEHICULO, ESTADO) VALUES ('TAG003', 3, 'CCC333', 'ACTIVO');
INSERT INTO VEHICULOS_TAG (ID_TAG, ID_CLIENTE, PLACA_VEHICULO, ESTADO) VALUES ('TAG004', 4, 'DDD444', 'ROBADO');

INSERT INTO TIPOS_MEMBRESIA (ID_MEMBRESIA, NOMBRE_MEMBRESIA, APLICA_COMISION) VALUES (1, 'PLAN ESTANDAR', 'S');
INSERT INTO TIPOS_MEMBRESIA (ID_MEMBRESIA, NOMBRE_MEMBRESIA, APLICA_COMISION) VALUES (10, 'PLAN SOLO PEAJES', 'N');

INSERT INTO MEMBRESIAS_CLIENTE (ID_MEMBRESIA_CLIENTE, ID_CLIENTE, ID_MEMBRESIA, FECHA_INICIO, FECHA_FIN) 
VALUES (1, 1, 10, SYSDATE - 100, NULL);
INSERT INTO MEMBRESIAS_CLIENTE (ID_MEMBRESIA_CLIENTE, ID_CLIENTE, ID_MEMBRESIA, FECHA_INICIO, FECHA_FIN) 
VALUES (2, 2, 10, SYSDATE - 200, SYSDATE - 50);

INSERT INTO PEAJES (ID_PEAJE, NOMBRE_PEAJE, EXENTO_COMISION) VALUES (101, 'PEAJE NORMAL', 'N');
INSERT INTO PEAJES (ID_PEAJE, NOMBRE_PEAJE, EXENTO_COMISION) VALUES (102, 'PEAJE PROMOCIONAL', 'S');

INSERT INTO PASOS_PEAJES_PENDIENTES (ID_PASO, ID_TAG, ID_PEAJE, FECHA_HORA_PASO, VALOR_PEAJE) 
VALUES (SEQ_PASOS_PEAJES.NEXTVAL, 'TAG001', 101, SYSDATE - 1/24, 10000);
-- Caso 1: OK, con membresía, sin comisión

INSERT INTO PASOS_PEAJES_PENDIENTES (ID_PASO, ID_TAG, ID_PEAJE, FECHA_HORA_PASO, VALOR_PEAJE) 
VALUES (SEQ_PASOS_PEAJES.NEXTVAL, 'TAG002', 101, SYSDATE - 1/24, 12000);
-- Caso 2: OK, sin membresía, con comisión

INSERT INTO PASOS_PEAJES_PENDIENTES (ID_PASO, ID_TAG, ID_PEAJE, FECHA_HORA_PASO, VALOR_PEAJE) 
VALUES (SEQ_PASOS_PEAJES.NEXTVAL, 'TAG003', 101, SYSDATE - 1/24, 8000);
-- Caso 3: ERROR, saldo insuficiente

INSERT INTO PASOS_PEAJES_PENDIENTES (ID_PASO, ID_TAG, ID_PEAJE, FECHA_HORA_PASO, VALOR_PEAJE) 
VALUES (SEQ_PASOS_PEAJES.NEXTVAL, 'TAG004', 101, SYSDATE - 1/24, 9000);
-- Caso 4: ERROR, tag robado

INSERT INTO PASOS_PEAJES_PENDIENTES (ID_PASO, ID_TAG, ID_PEAJE, FECHA_HORA_PASO, VALOR_PEAJE) 
VALUES (SEQ_PASOS_PEAJES.NEXTVAL, 'TAG002', 102, SYSDATE - 1/24, 15000);
-- Caso 5: OK, peaje exento de comisión

INSERT INTO PASOS_PEAJES_PENDIENTES (ID_PASO, ID_TAG, ID_PEAJE, FECHA_HORA_PASO, VALOR_PEAJE) 
VALUES (SEQ_PASOS_PEAJES.NEXTVAL, 'TAG002', 101, TO_DATE('2025-09-08 03:00:00', 'YYYY-MM-DD HH24:MI:SS'), 20000);
-- Caso 6: OK, con descuento Happy Hour y comisión

COMMIT;